{
  "project_info": {
    "project_number": "650451756992",
    "firebase_url": "https://fir-androidstudio-2021-default-rtdb.firebaseio.com",
    "project_id": "fir-androidstudio-2021",
    "storage_bucket": "fir-androidstudio-2021.appspot.com"
  },
  "client": [
    {
      "client_info": {
        "mobilesdk_app_id": "1:650451756992:android:80489cf38376223c9bca25",
        "android_client_info": {
          "package_name": "com.example.standbyme"
        }
      },
      "oauth_client": [
        {
          "client_id": "650451756992-i2eih7tt23blb1f7lsfchtskjquqm0ki.apps.googleusercontent.com",
          "client_type": 3
        }
      ],
      "api_key": [
        {
          "current_key": "AIzaSyATqwCcpTDhcvDvWqerOtr_lsbb1jwqbTc"
        }
      ],
      "services": {
        "appinvite_service": {
          "other_platform_oauth_client": [
            {
              "client_id": "650451756992-i2eih7tt23blb1f7lsfchtskjquqm0ki.apps.googleusercontent.com",
              "client_type": 3
            }
          ]
        }
      }
    }
  ],
  "configuration_version": "1"
}